No,Invoice Number,Invoice Date,Invoice Status,Customer Name,GST Treatment,Place of Supply,PurchaseOrder,Payment Terms,Payment Terms Label,Due Date,Expected Payment Date,Sales person,Currency Code,Account,Item Name,SKU,Item Type,HSN/SAC,Quantity,Usage unit,Item Price,Item Tax Exemption Reason,Is Inclusive Tax,Item Tax,Item Tax Type,Item Tax %,Shipping Charge,Shipping Charge Tax ID,Shipping Charge Tax Name,Shipping Charge Tax %,Shipping Charge Tax Type,Shipping Charge SAC Code,Adjustment,Adjustment Description,PayPal,Razorpay,Partial Payments,Template Name,Notes
2,SMN/2025-26/2517,2025-12-29,DRAFT,Dummy Customer,consumer,,442337,-3,Due end of next Month,,,Gramiyum Chennai,INR,Sales,MOGO - Moringa Organic Energy Bar (Pack of 10),MOGO0200,goods,,1,,300,,TRUE,,Tax Group,5,,,GST18,18,Tax Group,996812,,,FALSE,FALSE,FALSE,Spreadsheet Template,
3,SMN/2025-26/2517,2025-12-29,DRAFT,Dummy Customer,consumer,,442337,-3,Due end of next Month,,,Gramiyum Chennai,INR,Sales,Cold Pressed Oil Trial Pack - 200ML Each,TRPA0200,goods,,1,,290,,TRUE,,Tax Group,5,,,GST18,18,Tax Group,996812,,,FALSE,FALSE,FALSE,Spreadsheet Template,
4,SMN/2025-26/2517,2025-12-29,DRAFT,Dummy Customer,consumer,,442337,-3,Due end of next Month,,,Gramiyum Chennai,INR,Sales,Sesame / Gingelly / Til Oil (Cold Pressed),SEOI1000,goods,,1,,470,,TRUE,,Tax Group,5,,,GST18,18,Tax Group,996812,,,FALSE,FALSE,FALSE,Spreadsheet Template,
5,SMN/2025-26/2518,2025-12-29,DRAFT,Dummy Customer,consumer,,442370,-3,Due end of next Month,,,Gramiyum Chennai,INR,Sales,Coconut oil cold pressed/ Nariyal Tel,COOI1000,goods,,1,,600,,TRUE,,Tax Group,5,,,GST18,18,Tax Group,996812,,,FALSE,FALSE,FALSE,Spreadsheet Template,
6,SMN/2025-26/2519,2025-12-29,DRAFT,Dummy Customer,consumer,,442380,-3,Due end of next Month,,,Gramiyum Chennai,INR,Sales,Nattu Sakkarai - Cane Jaggery Powder - 500 gms,NASA0500,goods,,7,,75,,TRUE,,Tax Group,5,,,GST18,18,Tax Group,996812,,,FALSE,FALSE,FALSE,Spreadsheet Template,
7,SMN/2025-26/2520,2025-12-29,DRAFT,Dummy Customer,consumer,,442387,-3,Due end of next Month,,,Gramiyum Chennai,INR,Sales,Virgin Coconut Oil (Centrifugal Method) - 500 ml,VCOC0500,goods,,1,,450,,TRUE,,Tax Group,5,,,GST18,18,Tax Group,996812,,,FALSE,FALSE,FALSE,Spreadsheet Template,
8,SMN/2025-26/2520,2025-12-29,DRAFT,Dummy Customer,consumer,,442387,-3,Due end of next Month,,,Gramiyum Chennai,INR,Sales,Pure cow ghee - 500 ml,PUGH0500,goods,,1,,510,,TRUE,,Tax Group,5,,,GST18,18,Tax Group,996812,,,FALSE,FALSE,FALSE,Spreadsheet Template,
9,SMN/2025-26/2521,2025-12-29,DRAFT,Dummy Customer,consumer,,442394,-3,Due end of next Month,,,Gramiyum Chennai,INR,Sales,Sesame / Gingelly / Til Oil (Cold Pressed) - 500 ml,SEOI0500,goods,,1,,240,,TRUE,,Tax Group,5,,,GST18,18,Tax Group,996812,,,FALSE,FALSE,FALSE,Spreadsheet Template,
10,SMN/2025-26/2521,2025-12-29,DRAFT,Dummy Customer,consumer,,442394,-3,Due end of next Month,,,Gramiyum Chennai,INR,Sales,Coconut oil cold pressed/ Nariyal Tel - 500 ml,COOI0500,goods,,4,,310,,TRUE,,Tax Group,5,,,GST18,18,Tax Group,996812,,,FALSE,FALSE,FALSE,Spreadsheet Template,
11,SMN/2025-26/2521,2025-12-29,DRAFT,Dummy Customer,consumer,,442394,-3,Due end of next Month,,,Gramiyum Chennai,INR,Sales,Cumin Seeds - Jeeragam,JEER0200,goods,,2,,96,,TRUE,,Tax Group,5,,,GST18,18,Tax Group,996812,,,FALSE,FALSE,FALSE,Spreadsheet Template,
12,SMN/2025-26/2521,2025-12-29,DRAFT,Dummy Customer,consumer,,442394,-3,Due end of next Month,,,Gramiyum Chennai,INR,Sales,Malai Kadugu - Hill Mustard Seeds,MUST0200,goods,,1,,45,,TRUE,,Tax Group,5,,,GST18,18,Tax Group,996812,,,FALSE,FALSE,FALSE,Spreadsheet Template,
13,SMN/2025-26/2521,2025-12-29,DRAFT,Dummy Customer,consumer,,442394,-3,Due end of next Month,,,Gramiyum Chennai,INR,Sales,Vendhayam - Fenugreek,VEND0200,goods,,1,,75,,TRUE,,Tax Group,5,,,GST18,18,Tax Group,996812,,,FALSE,FALSE,FALSE,Spreadsheet Template,
14,SMN/2025-26/2521,2025-12-29,DRAFT,Dummy Customer,consumer,,442394,-3,Due end of next Month,,,Gramiyum Chennai,INR,Sales,Pumpkin Seeds - 100 gms,PUMP0100,goods,,1,,85,,TRUE,,Tax Group,5,,,GST18,18,Tax Group,996812,,,FALSE,FALSE,FALSE,Spreadsheet Template,
15,SMN/2025-26/2521,2025-12-29,DRAFT,Dummy Customer,consumer,,442394,-3,Due end of next Month,,,Gramiyum Chennai,INR,Sales,Cardamom/Elaichi Green/Yelakkai - 25 Gms,CARD025,goods,,4,,125,,TRUE,,Tax Group,5,,,GST18,18,Tax Group,996812,,,FALSE,FALSE,FALSE,Spreadsheet Template,
16,SMN/2025-26/2521,2025-12-29,DRAFT,Dummy Customer,consumer,,442394,-3,Due end of next Month,,,Gramiyum Chennai,INR,Sales,Naatu Dhaniya - Country Coriander - 250 gms,NADH0250,goods,,1,,75,,TRUE,,Tax Group,5,,,GST18,18,Tax Group,996812,,,FALSE,FALSE,FALSE,Spreadsheet Template,
17,SMN/2025-26/2521,2025-12-29,DRAFT,Dummy Customer,consumer,,442394,-3,Due end of next Month,,,Gramiyum Chennai,INR,Sales,Black Raisin - Dry Grapes - 50 Gms,BRRA0050,goods,,1,,40,,TRUE,,Tax Group,5,,,GST18,18,Tax Group,996812,,,FALSE,FALSE,FALSE,Spreadsheet Template,
18,SMN/2025-26/2521,2025-12-29,DRAFT,Dummy Customer,consumer,,442394,-3,Due end of next Month,,,Gramiyum Chennai,INR,Sales,Dry Raisin - Kismis 50 Gms,DRRA0050,goods,,1,,55,,TRUE,,Tax Group,5,,,GST18,18,Tax Group,996812,,,FALSE,FALSE,FALSE,Spreadsheet Template,
19,SMN/2025-26/2521,2025-12-29,DRAFT,Dummy Customer,consumer,,442394,-3,Due end of next Month,,,Gramiyum Chennai,INR,Sales,Cloves - Lavangam - 50 Gms,CLOV0050,goods,,1,,85,,TRUE,,Tax Group,5,,,GST18,18,Tax Group,996812,,,FALSE,FALSE,FALSE,Spreadsheet Template,
20,SMN/2025-26/2521,2025-12-29,DRAFT,Dummy Customer,consumer,,442394,-3,Due end of next Month,,,Gramiyum Chennai,INR,Sales,Bay Leaf / Tejpatta - 50 gms,BAYL0050,goods,,1,,20,,TRUE,,Tax Group,5,,,GST18,18,Tax Group,996812,,,FALSE,FALSE,FALSE,Spreadsheet Template,
21,SMN/2025-26/2521,2025-12-29,DRAFT,Dummy Customer,consumer,,442394,-3,Due end of next Month,,,Gramiyum Chennai,INR,Sales,Star Anise - Annachippu - 50Gms,STAR50,goods,,1,,70,,TRUE,,Tax Group,5,,,GST18,18,Tax Group,996812,,,FALSE,FALSE,FALSE,Spreadsheet Template,
22,SMN/2025-26/2521,2025-12-29,DRAFT,Dummy Customer,consumer,,442394,-3,Due end of next Month,,,Gramiyum Chennai,INR,Sales,Thooyamalli Rice - Traditional Rice - 1 Kg,TMRI1000,goods,,2,,125,,TRUE,,Tax Group,5,,,GST18,18,Tax Group,996812,,,FALSE,FALSE,FALSE,Spreadsheet Template,
